Folder,Prompt,recall
BPI2016-V1,1,1.0
BPI2016-V1,2,1.0
BPI2016-V1,3,1.0
BPI2016-V1,4,1.0
BPI2016-V1,5,1.0
BPI2016-V1,6,0.536
BPI2016-V1,7,1.0
BPI2016-V2,1,0.0
BPI2016-V2,2,0.0
BPI2016-V2,3,0.0
BPI2016-V2,4,0.0
BPI2016-V2,5,0.316
BPI2016-V2,6,0.0
BPI2016-V2,7,1.0
BPI2016-V3,1,0.6709999999999999
BPI2016-V3,2,0.6709999999999999
BPI2016-V3,3,0.6709999999999999
BPI2016-V3,4,0.6709999999999999
BPI2016-V3,5,0.6709999999999999
BPI2016-V3,6,0.8903333333333334
BPI2016-V3,7,1.0
