Folder,Prompt,precision
BPI2016-V1,1,0.067
BPI2016-V1,2,0.067
BPI2016-V1,3,0.233
BPI2016-V1,4,0.067
BPI2016-V1,5,0.067
BPI2016-V1,6,0.233
BPI2016-V1,7,1.0
BPI2016-V2,1,1.0
BPI2016-V2,2,1.0
BPI2016-V2,3,0.0
BPI2016-V2,4,1.0
BPI2016-V2,5,1.0
BPI2016-V2,6,0.014
BPI2016-V2,7,1.0
BPI2016-V3,1,0.6143333333333333
BPI2016-V3,2,0.9
BPI2016-V3,3,0.043000000000000003
BPI2016-V3,4,0.6143333333333333
BPI2016-V3,5,0.9
BPI2016-V3,6,0.042666666666666665
BPI2016-V3,7,1.0
