Folder,Prompt,precision
BPI2016-V1,1,0.067
BPI2016-V1,2,0.067
BPI2016-V1,3,0.0
BPI2016-V1,4,0.067
BPI2016-V1,5,0.067
BPI2016-V1,6,0.067
BPI2016-V1,7,1.0
BPI2016-V2,1,0.0
BPI2016-V2,2,0.0
BPI2016-V2,3,0.0
BPI2016-V2,4,0.0
BPI2016-V2,5,0.316
BPI2016-V2,6,0.0
BPI2016-V2,7,1.0
BPI2016-V3,1,0.38066666666666665
BPI2016-V3,2,0.571
BPI2016-V3,3,0.0
BPI2016-V3,4,0.38066666666666665
BPI2016-V3,5,0.571
BPI2016-V3,6,0.007
BPI2016-V3,7,1.0
