Folder,Prompt,f1
ERP-V1,1,0.0
ERP-V1,2,0.0
ERP-V1,3,0.526
ERP-V1,4,0.13333333333333333
ERP-V1,5,0.17533333333333334
ERP-V1,6,0.4165
ERP-V1,7,1.0
ERP-V2,1,0.667
ERP-V2,2,0.333
ERP-V2,3,1.0
ERP-V2,4,0.4285
ERP-V2,5,0.8335
ERP-V2,6,1.0
ERP-V2,7,1.0
ERP-V3,1,0.35600000000000004
ERP-V3,2,0.167
ERP-V3,3,0.9285
ERP-V3,4,0.292
ERP-V3,5,0.292
ERP-V3,6,0.0
ERP-V3,7,1.0
