Folder,Prompt,recall
ERP-V1,1,0.0
ERP-V1,2,0.0
ERP-V1,3,0.4000000000000001
ERP-V1,4,0.13333333333333333
ERP-V1,5,0.0
ERP-V1,6,0.0
ERP-V1,7,1.0
ERP-V2,1,0.4
ERP-V2,2,0.4
ERP-V2,3,1.0
ERP-V2,4,0.0
ERP-V2,5,0.4
ERP-V2,6,0.0
ERP-V2,7,1.0
ERP-V3,1,0.14550000000000002
ERP-V3,2,0.2
ERP-V3,3,0.5
ERP-V3,4,0.2
ERP-V3,5,0.2
ERP-V3,6,0.0
ERP-V3,7,1.0
