Folder,Prompt,recall
P2P-V1,1,1.0
P2P-V1,2,1.0
P2P-V1,3,1.0
P2P-V1,4,1.0
P2P-V1,5,1.0
P2P-V1,6,0.0
P2P-V1,7,1.0
P2P-V2,1,0.577
P2P-V2,2,0.692
P2P-V2,3,1.0
P2P-V2,4,0.462
P2P-V2,5,0.577
P2P-V2,6,0.308
P2P-V2,7,1.0
P2P-V3,1,0.8973333333333334
P2P-V3,2,0.619
P2P-V3,3,0.8729999999999999
P2P-V3,4,0.6983333333333333
P2P-V3,5,0.5236666666666666
P2P-V3,6,0.308
P2P-V3,7,1.0
