Folder,Prompt,precision
P2P-V1,1,0.0
P2P-V1,2,0.0
P2P-V1,3,0.0
P2P-V1,4,0.5
P2P-V1,5,0.0
P2P-V1,6,0.0
P2P-V1,7,1.0
P2P-V2,1,0.0
P2P-V2,2,0.0
P2P-V2,3,0.462
P2P-V2,4,0.0
P2P-V2,5,0.0
P2P-V2,6,0.0
P2P-V2,7,0.769
P2P-V3,1,0.8973333333333334
P2P-V3,2,0.0
P2P-V3,3,0.769
P2P-V3,4,0.3333333333333333
P2P-V3,5,0.0
P2P-V3,6,0.20533333333333334
P2P-V3,7,0.8460000000000001
