Folder,Prompt,f1
P2P-V1,1,1.0
P2P-V1,2,1.0
P2P-V1,3,0.5
P2P-V1,4,1.0
P2P-V1,5,1.0
P2P-V1,6,1.0
P2P-V1,7,1.0
P2P-V2,1,0.462
P2P-V2,2,0.462
P2P-V2,3,0.462
P2P-V2,4,0.462
P2P-V2,5,0.462
P2P-V2,6,0.471
P2P-V2,7,0.769
P2P-V3,1,0.9393333333333334
P2P-V3,2,0.606
P2P-V3,3,0.7146666666666667
P2P-V3,4,0.7373333333333333
P2P-V3,5,0.606
P2P-V3,6,0.4709999999999999
P2P-V3,7,0.8460000000000001
