Folder,Prompt,f1
UWV-V1,1,1.0
UWV-V1,2,1.0
UWV-V1,4,1.0
UWV-V1,5,1.0
UWV-V1,6,1.0
UWV-V1,7,1.0
UWV-V2,1,1.0
UWV-V2,2,1.0
UWV-V2,3,0.9395
UWV-V2,4,1.0
UWV-V2,5,0.6115
UWV-V2,6,1.0
UWV-V2,7,1.0
UWV-V3,1,0.9129999999999999
UWV-V3,2,0.9129999999999999
UWV-V3,3,0.848
UWV-V3,4,0.9129999999999999
UWV-V3,5,0.9129999999999999
UWV-V3,6,0.6216666666666667
UWV-V3,7,1.0
