Folder,Prompt,recall
UWV-V1,1,1.0
UWV-V1,2,1.0
UWV-V1,4,1.0
UWV-V1,5,1.0
UWV-V1,6,1.0
UWV-V1,7,1.0
UWV-V2,1,1.0
UWV-V2,2,1.0
UWV-V2,3,0.9395
UWV-V2,4,1.0
UWV-V2,5,0.564
UWV-V2,6,1.0
UWV-V2,7,1.0
UWV-V3,1,0.8569999999999999
UWV-V3,2,0.8569999999999999
UWV-V3,3,0.7959999999999999
UWV-V3,4,0.8569999999999999
UWV-V3,5,0.8569999999999999
UWV-V3,6,0.6026666666666667
UWV-V3,7,1.0
