Folder,Prompt,f1
UWV-V1,1,1.0
UWV-V1,2,1.0
UWV-V1,4,1.0
UWV-V1,5,1.0
UWV-V1,6,1.0
UWV-V1,7,1.0
UWV-V2,1,0.333
UWV-V2,2,0.333
UWV-V2,3,0.3335
UWV-V2,4,0.333
UWV-V2,5,0.32499999999999996
UWV-V2,6,1.0
UWV-V2,7,1.0
UWV-V3,1,0.435
UWV-V3,2,0.435
UWV-V3,3,0.0
UWV-V3,4,0.435
UWV-V3,5,0.435
UWV-V3,6,0.7276666666666666
UWV-V3,7,1.0
